employeeId,name,email,department,designation,phone,maxLecturesPerDay,specialization
FAC001,Dr. John Smith,john.smith@college.edu,Computer Science,Professor,9876543210,6,Data Structures and Algorithms
FAC002,Prof. Sarah Johnson,sarah.johnson@college.edu,Electronics,Associate Professor,9876543211,5,Digital Signal Processing
FAC003,Dr. Michael Brown,michael.brown@college.edu,Mechanical,Assistant Professor,9876543212,6,Thermodynamics
FAC004,Prof. Emily Davis,emily.davis@college.edu,Civil,Professor,9876543213,5,Structural Engineering
FAC005,Dr. David Wilson,david.wilson@college.edu,Information Technology,HOD,9876543214,4,Network Security
FAC006,Prof. Lisa Anderson,lisa.anderson@college.edu,Computer Science,Lecturer,9876543215,7,Web Development
FAC007,Dr. Robert Taylor,robert.taylor@college.edu,Electronics,Professor,9876543216,6,VLSI Design
FAC008,Prof. Jennifer Martinez,jennifer.martinez@college.edu,Mechanical,Associate Professor,9876543217,5,Manufacturing Processes
FAC009,Dr. James Wilson,james.wilson@college.edu,Computer Science,Assistant Professor,9876543218,6,Machine Learning
FAC010,Prof. Maria Garcia,maria.garcia@college.edu,Civil,Associate Professor,9876543219,5,Environmental Engineering
FAC011,Dr. Thomas Lee,thomas.lee@college.edu,Electronics,Assistant Professor,9876543220,6,Embedded Systems
FAC012,Prof. Linda Chen,linda.chen@college.edu,Information Technology,Professor,9876543221,5,Database Management
FAC013,Dr. Kevin Moore,kevin.moore@college.edu,Mechanical,Professor,9876543222,6,Fluid Mechanics
FAC014,Prof. Susan White,susan.white@college.edu,Computer Science,Associate Professor,9876543223,5,Software Engineering
FAC015,Dr. Richard Brown,richard.brown@college.edu,Civil,Assistant Professor,9876543224,6,Transportation Engineering