code,name,type,credits,periodsPerWeek,department,year,semester,description
CS101,Programming Fundamentals,theory,3,4,Computer Science,1,1,Introduction to programming concepts and basic algorithms
CS102,Programming Lab,lab,2,3,Computer Science,1,1,Hands-on programming practice and implementation
CS103,Computer Organization,theory,3,4,Computer Science,1,2,Computer architecture and organization principles
CS104,Data Structures,theory,4,4,Computer Science,2,1,Linear and non-linear data structures
CS105,Data Structures Lab,lab,2,3,Computer Science,2,1,Implementation of data structures and algorithms
CS201,Database Systems,theory,3,4,Computer Science,2,2,Database design and management systems
CS202,Database Lab,lab,2,3,Computer Science,2,2,SQL and database implementation practice
CS301,Software Engineering,theory,3,4,Computer Science,3,1,Software development methodologies and practices
CS302,Web Development,practical,2,2,Computer Science,3,1,Modern web technologies and frameworks
CS401,Machine Learning,theory,4,4,Computer Science,4,1,Introduction to ML algorithms and applications
EC101,Circuit Analysis,theory,3,4,Electronics,1,1,Basic electrical circuit analysis and theorems
EC102,Electronics Lab,lab,2,3,Electronics,1,1,Basic electronics experiments and measurements
EC201,Digital Electronics,theory,3,4,Electronics,2,1,Digital logic design and Boolean algebra
EC202,Microprocessors,theory,4,4,Electronics,2,2,8085/8086 microprocessor architecture and programming
ME101,Engineering Mechanics,theory,3,4,Mechanical,1,1,Statics and dynamics of mechanical systems
ME102,Workshop Practice,practical,2,2,Mechanical,1,1,Basic machining and manufacturing processes
ME201,Thermodynamics,theory,4,4,Mechanical,2,1,Laws of thermodynamics and their applications
CE101,Surveying,theory,3,4,Civil,1,1,Land surveying techniques and instruments
CE102,Surveying Lab,lab,2,3,Civil,1,1,Practical surveying exercises and measurements
IT101,Information Technology Fundamentals,theory,3,4,Information Technology,1,1,Basics of IT and computer systems